N,Encoding,Status,Variables,Clauses,Time_Seconds
4,Binomial,SAT,16,84,0.000244
4,Binary,SAT,48,120,0.000215
4,Commander,SAT,16,84,0.000124
4,Product,SAT,56,124,0.000186
4,Sequential,SAT,58,116,0.000171
8,Binomial,SAT,64,744,0.000919
8,Binary,SAT,174,728,0.00074
8,Commander,SAT,146,618,0.00085
8,Product,SAT,252,668,0.000849
8,Sequential,SAT,274,604,0.000776
16,Binomial,SAT,256,6352,0.007022
16,Binary,SAT,572,3928,0.00486
16,Commander,SAT,528,3044,0.006109
16,Product,SAT,836,2820,0.007831
16,Sequential,SAT,1186,2732,0.003903
32,Binomial,SAT,1024,52640,0.070579
32,Binary,SAT,1850,19800,0.020354
32,Commander,SAT,3582,17456,0.019796
32,Product,SAT,2768,11892,0.024191
32,Sequential,SAT,4930,11596,0.020674
64,Binomial,SAT,4096,428864,0.442813
64,Binary,SAT,6136,95576,0.089479
64,Commander,SAT,12744,73432,0.089278
64,Product,SAT,8940,47412,0.062775
64,Sequential,SAT,20098,47756,0.07497
128,Binary,SAT,21238,447832,0.435656
128,Commander,SAT,46700,349620,0.393381
128,Product,SAT,32950,183320,0.213068
128,Sequential,SAT,81154,193804,0.305278
256,Binary,SAT,76788,2053464,1.828245
256,Commander,SAT,157640,1438464,1.659934
256,Product,SAT,113100,676208,0.89105
256,Sequential,SAT,326146,780812,1.308686
512,Binary,SAT,287730,9262424,8.761382
512,Commander,SAT,570420,6685060,8.993398
512,Product,SAT,397184,2620680,4.007927
512,Sequential,SAT,1307650,3134476,12.767887
